Workbook

Sheet Carga cognitiva
A1: Joselin
A2: Variable | B2: (a) Peso | C2: (b) Puntuacion | D2: (c) Puntuacion Convertida (b*5) | E2: (d) Puntuacion Ponderada (c*a)
A3: Exigencia mental | B3: 4 | C3: 10 | D3: =PRODUCT(C3,5) -> 50 | E3: =PRODUCT(B3,D3) -> 200
A4: Exigencia fisica | B4: 0 | C4: 1 | D4: =PRODUCT(C4,5) -> 5 | E4: =PRODUCT(B4,D4) -> 0
A5: Exigencia Temporal | B5: 2 | C5: 15 | D5: =PRODUCT(C5,5) -> 75 | E5: =PRODUCT(B5,D5) -> 150
A6: Rendimiento | B6: 3 | C6: 15 | D6: =PRODUCT(C6,5) -> 75 | E6: =PRODUCT(B6,D6) -> 225
A7: Esfuerzo | B7: 4 | C7: 5 | D7: =PRODUCT(C7,5) -> 25 | E7: =PRODUCT(B7,D7) -> 100
A8: Frustacion | B8: 2 | C8: =D8/5 -> 4 | D8: 20 | E8: =PRODUCT(B8,D8) -> 40
A9: Total | B9: =SUM(B3,B4,B5,B6,B7,B8) -> 15 | E9: =SUM(E3:E8) -> 715 | F9: Porcentaje: | G9: =E9/B9 -> 47.666667
A11: Daniel
A13: Variable | B13: (a) Peso | C13: (b) Puntuacion | D13: (c) Puntuacion Convertida (b*5) | E13: (d) Puntuacion Ponderada (c*a)
A14: Exigencia mental | B14: 5 | C14: 16 | D14: =PRODUCT(C14,5) -> 80 | E14: =PRODUCT(B14,D14) -> 400
A15: Exigencia fisica | B15: 0 | C15: 2 | D15: =PRODUCT(C15,5) -> 10 | E15: =PRODUCT(B15,D15) -> 0
A16: Exigencia Temporal | B16: 1 | C16: 5 | D16: =PRODUCT(C16,5) -> 25 | E16: =PRODUCT(B16,D16) -> 25
A17: Rendimiento | B17: 4 | C17: 14 | D17: =PRODUCT(C17,5) -> 70 | E17: =PRODUCT(B17,D17) -> 280
A18: Esfuerzo | B18: 3 | C18: 13 | D18: =PRODUCT(C18,5) -> 65 | E18: =PRODUCT(B18,D18) -> 195
A19: Frustacion | B19: 2 | C19: =D19/5 -> 6 | D19: 30 | E19: =PRODUCT(B19,D19) -> 60
A20: Total | B20: =SUM(B14,B15,B16,B17,B18,B19) -> 15 | E20: =SUM(E14:E19) -> 960 | F20: Porcentaje: | G20: =E20/B20 -> 64
A22: Edwin
A24: Variable | B24: (a) Peso | C24: (b) Puntuacion | D24: (c) Puntuacion Convertida (b*5) | E24: (d) Puntuacion Ponderada (c*a)
A25: Exigencia mental | B25: 3 | C25: 12 | D25: =PRODUCT(C25,5) -> 60 | E25: =PRODUCT(B25,D25) -> 180
A26: Exigencia fisica | B26: 0 | C26: 2 | D26: =PRODUCT(C26,5) -> 10 | E26: =PRODUCT(B26,D26) -> 0
A27: Exigencia Temporal | B27: 4 | C27: 8 | D27: =PRODUCT(C27,5) -> 40 | E27: =PRODUCT(B27,D27) -> 160
A28: Rendimiento | B28: 2 | C28: 10 | D28: =PRODUCT(C28,5) -> 50 | E28: =PRODUCT(B28,D28) -> 100
A29: Esfuerzo | B29: 1 | C29: 3 | D29: =PRODUCT(C29,5) -> 15 | E29: =PRODUCT(B29,D29) -> 15
A30: Frustacion | B30: 5 | C30: =D30/5 -> 16 | D30: 80 | E30: =PRODUCT(B30,D30) -> 400
A31: Total | B31: =SUM(B25,B26,B27,B28,B29,B30) -> 15 | E31: =SUM(E25:E30) -> 855 | F31: Porcentaje: | G31: =E31/B31 -> 57
A33: Jeronimo
A35: Variable | B35: (a) Peso | C35: (b) Puntuacion | D35: (c) Puntuacion Convertida (b*5) | E35: (d) Puntuacion Ponderada (c*a)
A36: Exigencia mental | B36: 2 | C36: 1 | D36: =PRODUCT(C36,5) -> 5 | E36: =PRODUCT(B36,D36) -> 10
A37: Exigencia fisica | B37: 1 | C37: 1 | D37: =PRODUCT(C37,5) -> 5 | E37: =PRODUCT(B37,D37) -> 5
A38: Exigencia Temporal | B38: 4 | C38: 10 | D38: =PRODUCT(C38,5) -> 50 | E38: =PRODUCT(B38,D38) -> 200
A39: Rendimiento | B39: 5 | C39: 15 | D39: =PRODUCT(C39,5) -> 75 | E39: =PRODUCT(B39,D39) -> 375
A40: Esfuerzo | B40: 3 | C40: 7 | D40: =PRODUCT(C40,5) -> 35 | E40: =PRODUCT(B40,D40) -> 105
A41: Frustacion | B41: 0 | C41: =D41/5 -> 5 | D41: 25 | E41: =PRODUCT(B41,D41) -> 0
A42: Total | B42: =SUM(B36,B37,B38,B39,B40,B41) -> 15 | E42: =SUM(E36:E41) -> 695 | F42: Porcentaje: | G42: =E42/B42 -> 46.333333
A44: Rafa
A46: Variable | B46: (a) Peso | C46: (b) Puntuacion | D46: (c) Puntuacion Convertida (b*5) | E46: (d) Puntuacion Ponderada (c*a)
A47: Exigencia mental | B47: 5 | C47: 9 | D47: =PRODUCT(C47,5) -> 45 | E47: =PRODUCT(B47,D47) -> 225
A48: Exigencia fisica | B48: 1 | C48: 3 | D48: =PRODUCT(C48,5) -> 15 | E48: =PRODUCT(B48,D48) -> 15
A49: Exigencia Temporal | B49: 1 | C49: 9 | D49: =PRODUCT(C49,5) -> 45 | E49: =PRODUCT(B49,D49) -> 45
A50: Rendimiento | B50: 4 | C50: 16 | D50: =PRODUCT(C50,5) -> 80 | E50: =PRODUCT(B50,D50) -> 320
A51: Esfuerzo | B51: 3 | C51: 7 | D51: =PRODUCT(C51,5) -> 35 | E51: =PRODUCT(B51,D51) -> 105
A52: Frustacion | B52: 1 | C52: =D52/5 -> 3 | D52: 15 | E52: =PRODUCT(B52,D52) -> 15
A53: Total | B53: =SUM(B47,B48,B49,B50,B51,B52) -> 15 | E53: =SUM(E47:E52) -> 725 | F53: Porcentaje: | G53: =E53/B53 -> 48.333333
A55: Eliza
A57: Variable | B57: (a) Peso | C57: (b) Puntuacion | D57: (c) Puntuacion Convertida (b*5) | E57: (d) Puntuacion Ponderada (c*a)
A58: Exigencia mental | B58: 4 | C58: 13 | D58: =PRODUCT(C58,5) -> 65 | E58: =PRODUCT(B58,D58) -> 260
A59: Exigencia fisica | B59: 0 | C59: 5 | D59: =PRODUCT(C59,5) -> 25 | E59: =PRODUCT(B59,D59) -> 0
A60: Exigencia Temporal | B60: 4 | C60: 10 | D60: =PRODUCT(C60,5) -> 50 | E60: =PRODUCT(B60,D60) -> 200
A61: Rendimiento | B61: 4 | C61: 10 | D61: =PRODUCT(C61,5) -> 50 | E61: =PRODUCT(B61,D61) -> 200
A62: Esfuerzo | B62: 2 | C62: 10 | D62: =PRODUCT(C62,5) -> 50 | E62: =PRODUCT(B62,D62) -> 100
A63: Frustacion | B63: 1 | C63: =D63/5 -> 10 | D63: 50 | E63: =PRODUCT(B63,D63) -> 50
A64: Total | B64: =SUM(B58,B59,B60,B61,B62,B63) -> 15 | E64: =SUM(E58:E63) -> 810 | F64: Porcentaje: | G64: =E64/B64 -> 54
A66: Participante #7
A68: Variable | B68: (a) Peso | C68: (b) Puntuacion | D68: (c) Puntuacion Convertida (b*5) | E68: (d) Puntuacion Ponderada (c*a)
A69: Exigencia mental | B69: 5 | C69: 10 | D69: =PRODUCT(C69,5) -> 50 | E69: =PRODUCT(B69,D69) -> 250
A70: Exigencia fisica | B70: 0 | C70: 2 | D70: =PRODUCT(C70,5) -> 10 | E70: =PRODUCT(B70,D70) -> 0
A71: Exigencia Temporal | B71: 4 | C71: 10 | D71: =PRODUCT(C71,5) -> 50 | E71: =PRODUCT(B71,D71) -> 200
A72: Rendimiento | B72: 3 | C72: 18 | D72: =PRODUCT(C72,5) -> 90 | E72: =PRODUCT(B72,D72) -> 270
A73: Esfuerzo | B73: 1 | C73: 7 | D73: =PRODUCT(C73,5) -> 35 | E73: =PRODUCT(B73,D73) -> 35
A74: Frustacion | B74: 2 | C74: =D74/5 -> 4 | D74: 20 | E74: =PRODUCT(B74,D74) -> 40
A75: Total | B75: =SUM(B69,B70,B71,B72,B73,B74) -> 15 | E75: =SUM(E69:E74) -> 795 | F75: Porcentaje: | G75: =E75/B75 -> 53
A77: Participante #8
A79: Variable | B79: (a) Peso | C79: (b) Puntuacion | D79: (c) Puntuacion Convertida (b*5) | E79: (d) Puntuacion Ponderada (c*a)
A80: Exigencia mental | B80: 2 | C80: 3 | D80: =PRODUCT(C80,5) -> 15 | E80: =PRODUCT(B80,D80) -> 30
A81: Exigencia fisica | B81: 2 | C81: 1 | D81: =PRODUCT(C81,5) -> 5 | E81: =PRODUCT(B81,D81) -> 10
A82: Exigencia Temporal | B82: 4 | C82: 2 | D82: =PRODUCT(C82,5) -> 10 | E82: =PRODUCT(B82,D82) -> 40
A83: Rendimiento | B83: 5 | C83: 4 | D83: =PRODUCT(C83,5) -> 20 | E83: =PRODUCT(B83,D83) -> 100
A84: Esfuerzo | B84: 2 | C84: 2 | D84: =PRODUCT(C84,5) -> 10 | E84: =PRODUCT(B84,D84) -> 20
A85: Frustacion | B85: 0 | C85: =D85/5 -> 2 | D85: 10 | E85: =PRODUCT(B85,D85) -> 0
A86: Total | B86: =SUM(B80,B81,B82,B83,B84,B85) -> 15 | E86: =SUM(E80:E85) -> 200 | F86: Porcentaje: | G86: =E86/B86 -> 13.333333
A88: Participante #9
A90: Variable | B90: (a) Peso | C90: (b) Puntuacion | D90: (c) Puntuacion Convertida (b*5) | E90: (d) Puntuacion Ponderada (c*a)
A91: Exigencia mental | B91: 5 | C91: 8 | D91: =PRODUCT(C91,5) -> 40 | E91: =PRODUCT(B91,D91) -> 200
A92: Exigencia fisica | B92: 0 | C92: 1 | D92: =PRODUCT(C92,5) -> 5 | E92: =PRODUCT(B92,D92) -> 0
A93: Exigencia Temporal | B93: 4 | C93: 10 | D93: =PRODUCT(C93,5) -> 50 | E93: =PRODUCT(B93,D93) -> 200
A94: Rendimiento | B94: 3 | C94: 17 | D94: =PRODUCT(C94,5) -> 85 | E94: =PRODUCT(B94,D94) -> 255
A95: Esfuerzo | B95: 2 | C95: 10 | D95: =PRODUCT(C95,5) -> 50 | E95: =PRODUCT(B95,D95) -> 100
A96: Frustacion | B96: 1 | C96: =D96/5 -> 10 | D96: 50 | E96: =PRODUCT(B96,D96) -> 50
A97: Total | B97: =SUM(B91,B92,B93,B94,B95,B96) -> 15 | E97: =SUM(E91:E96) -> 805 | F97: Porcentaje: | G97: =E97/B97 -> 53.666667
A99: Participante #10
A101: Variable | B101: (a) Peso | C101: (b) Puntuacion | D101: (c) Puntuacion Convertida (b*5) | E101: (d) Puntuacion Ponderada (c*a)
A102: Exigencia mental | B102: 5 | C102: 10 | D102: =PRODUCT(C102,5) -> 50 | E102: =PRODUCT(B102,D102) -> 250
A103: Exigencia fisica | B103: 0 | C103: 2 | D103: =PRODUCT(C103,5) -> 10 | E103: =PRODUCT(B103,D103) -> 0
A104: Exigencia Temporal | B104: 4 | C104: 14 | D104: =PRODUCT(C104,5) -> 70 | E104: =PRODUCT(B104,D104) -> 280
A105: Rendimiento | B105: 2 | C105: 5 | D105: =PRODUCT(C105,5) -> 25 | E105: =PRODUCT(B105,D105) -> 50
A106: Esfuerzo | B106: 1 | C106: 5 | D106: =PRODUCT(C106,5) -> 25 | E106: =PRODUCT(B106,D106) -> 25
A107: Frustacion | B107: 3 | C107: =D107/5 -> 10 | D107: 50 | E107: =PRODUCT(B107,D107) -> 150
A108: Total | B108: =SUM(B102,B103,B104,B105,B106,B107) -> 15 | E108: =SUM(E102:E107) -> 755 | F108: Porcentaje: | G108: =E108/B108 -> 50.333333

Sheet CanQuest (Hápticos)
A1: Variable | B1: (a) Peso | C1: (b) Puntuacion | D1: (c) Puntuacion Convertida (b*5) | E1: (d) Puntuacion Ponderada (c*a)
A2: Exigencia mental | B2: 2 | C2: 5 | D2: =PRODUCT(C2,5) -> 25 | E2: =PRODUCT(B2,D2) -> 50
A3: Exigencia fisica | B3: 4 | C3: 10 | D3: =PRODUCT(C3,5) -> 50 | E3: =PRODUCT(B3,D3) -> 200
A4: Exigencia Temporal | B4: 0 | C4: 2 | D4: =PRODUCT(C4,5) -> 10 | E4: =PRODUCT(B4,D4) -> 0
A5: Rendimiento | B5: 5 | C5: 15 | D5: =PRODUCT(C5,5) -> 75 | E5: =PRODUCT(B5,D5) -> 375
A6: Esfuerzo | B6: 3 | C6: 10 | D6: =PRODUCT(C6,5) -> 50 | E6: =PRODUCT(B6,D6) -> 150
A7: Frustacion | B7: 1 | C7: =D7/5 -> 2 | D7: 10 | E7: =PRODUCT(B7,D7) -> 10
A8: Total | B8: =SUM(B2,B3,B4,B5,B6,B7) -> 15 | E8: =SUM(E2:E7) -> 785 | F8: Porcentaje: | G8: =E8/B8 -> 52.333333
A11: Variable | B11: (a) Peso | C11: (b) Puntuacion | D11: (c) Puntuacion Convertida (b*5) | E11: (d) Puntuacion Ponderada (c*a)
A12: Exigencia mental | B12: 1 | C12: 4 | D12: =PRODUCT(C12,5) -> 20 | E12: =PRODUCT(B12,D12) -> 20
A13: Exigencia fisica | B13: 0 | C13: 5 | D13: =PRODUCT(C13,5) -> 25 | E13: =PRODUCT(B13,D13) -> 0
A14: Exigencia Temporal | B14: 4 | C14: 10 | D14: =PRODUCT(C14,5) -> 50 | E14: =PRODUCT(B14,D14) -> 200
A15: Rendimiento | B15: 5 | C15: 14 | D15: =PRODUCT(C15,5) -> 70 | E15: =PRODUCT(B15,D15) -> 350
A16: Esfuerzo | B16: 2 | C16: 6 | D16: =PRODUCT(C16,5) -> 30 | E16: =PRODUCT(B16,D16) -> 60
A17: Frustacion | B17: 3 | C17: =D17/5 -> 3 | D17: 15 | E17: =PRODUCT(B17,D17) -> 45
A18: Total | B18: =SUM(B12,B13,B14,B15,B16,B17) -> 15 | E18: =SUM(E12:E17) -> 675 | F18: Porcentaje: | G18: =E18/B18 -> 45
A21: Variable | B21: (a) Peso | C21: (b) Puntuacion | D21: (c) Puntuacion Convertida (b*5) | E21: (d) Puntuacion Ponderada (c*a)
A22: Exigencia mental | B22: 1 | C22: 8 | D22: =PRODUCT(C22,5) -> 40 | E22: =PRODUCT(B22,D22) -> 40
A23: Exigencia fisica | B23: 2 | C23: 8 | D23: =PRODUCT(C23,5) -> 40 | E23: =PRODUCT(B23,D23) -> 80
A24: Exigencia Temporal | B24: 4 | C24: 13 | D24: =PRODUCT(C24,5) -> 65 | E24: =PRODUCT(B24,D24) -> 260
A25: Rendimiento | B25: 5 | C25: 15 | D25: =PRODUCT(C25,5) -> 75 | E25: =PRODUCT(B25,D25) -> 375
A26: Esfuerzo | B26: 3 | C26: 4 | D26: =PRODUCT(C26,5) -> 20 | E26: =PRODUCT(B26,D26) -> 60
A27: Frustacion | B27: 0 | C27: =D27/5 -> 5 | D27: 25 | E27: =PRODUCT(B27,D27) -> 0
A28: Total | B28: =SUM(B22,B23,B24,B25,B26,B27) -> 15 | E28: =SUM(E22:E27) -> 815 | F28: Porcentaje: | G28: =E28/B28 -> 54.333333
A30: Jeronimo
A32: Variable | B32: (a) Peso | C32: (b) Puntuacion | D32: (c) Puntuacion Convertida (b*5) | E32: (d) Puntuacion Ponderada (c*a)
A33: Exigencia mental | B33: 2 | C33: 1 | D33: =PRODUCT(C33,5) -> 5 | E33: =PRODUCT(B33,D33) -> 10
A34: Exigencia fisica | B34: 1 | C34: 1 | D34: =PRODUCT(C34,5) -> 5 | E34: =PRODUCT(B34,D34) -> 5
A35: Exigencia Temporal | B35: 4 | C35: 10 | D35: =PRODUCT(C35,5) -> 50 | E35: =PRODUCT(B35,D35) -> 200
A36: Rendimiento | B36: 5 | C36: 15 | D36: =PRODUCT(C36,5) -> 75 | E36: =PRODUCT(B36,D36) -> 375
A37: Esfuerzo | B37: 3 | C37: 7 | D37: =PRODUCT(C37,5) -> 35 | E37: =PRODUCT(B37,D37) -> 105
A38: Frustacion | B38: 0 | C38: =D38/5 -> 5 | D38: 25 | E38: =PRODUCT(B38,D38) -> 0
A39: Total | B39: =SUM(B33,B34,B35,B36,B37,B38) -> 15 | E39: =SUM(E33:E38) -> 695 | F39: Porcentaje: | G39: =E39/B39 -> 46.333333
A41: Rafa
A43: Variable | B43: (a) Peso | C43: (b) Puntuacion | D43: (c) Puntuacion Convertida (b*5) | E43: (d) Puntuacion Ponderada (c*a)
A44: Exigencia mental | B44: 2 | C44: 3 | D44: =PRODUCT(C44,5) -> 15 | E44: =PRODUCT(B44,D44) -> 30
A45: Exigencia fisica | B45: 5 | C45: 8 | D45: =PRODUCT(C45,5) -> 40 | E45: =PRODUCT(B45,D45) -> 200
A46: Exigencia Temporal | B46: 0 | C46: 10 | D46: =PRODUCT(C46,5) -> 50 | E46: =PRODUCT(B46,D46) -> 0
A47: Rendimiento | B47: 3 | C47: 20 | D47: =PRODUCT(C47,5) -> 100 | E47: =PRODUCT(B47,D47) -> 300
A48: Esfuerzo | B48: 4 | C48: 9 | D48: =PRODUCT(C48,5) -> 45 | E48: =PRODUCT(B48,D48) -> 180
A49: Frustacion | B49: 1 | C49: =D49/5 -> 3 | D49: 15 | E49: =PRODUCT(B49,D49) -> 15
A50: Total | B50: =SUM(B44,B45,B46,B47,B48,B49) -> 15 | E50: =SUM(E44:E49) -> 725 | F50: Porcentaje: | G50: =E50/B50 -> 48.333333
A52: Eliza
A54: Variable | B54: (a) Peso | C54: (b) Puntuacion | D54: (c) Puntuacion Convertida (b*5) | E54: (d) Puntuacion Ponderada (c*a)
A55: Exigencia mental | B55: 5 | C55: 10 | D55: =PRODUCT(C55,5) -> 50 | E55: =PRODUCT(B55,D55) -> 250
A56: Exigencia fisica | B56: 3 | C56: 10 | D56: =PRODUCT(C56,5) -> 50 | E56: =PRODUCT(B56,D56) -> 150
A57: Exigencia Temporal | B57: 4 | C57: 16 | D57: =PRODUCT(C57,5) -> 80 | E57: =PRODUCT(B57,D57) -> 320
A58: Rendimiento | B58: 2 | C58: 17 | D58: =PRODUCT(C58,5) -> 85 | E58: =PRODUCT(B58,D58) -> 170
A59: Esfuerzo | B59: 1 | C59: 5 | D59: =PRODUCT(C59,5) -> 25 | E59: =PRODUCT(B59,D59) -> 25
A60: Frustacion | B60: 0 | C60: =D60/5 -> 5 | D60: 25 | E60: =PRODUCT(B60,D60) -> 0
A61: Total | B61: =SUM(B55,B56,B57,B58,B59,B60) -> 15 | E61: =SUM(E55:E60) -> 915 | F61: Porcentaje: | G61: =E61/B61 -> 61
A63: Participante #7
A65: Variable | B65: (a) Peso | C65: (b) Puntuacion | D65: (c) Puntuacion Convertida (b*5) | E65: (d) Puntuacion Ponderada (c*a)
A66: Exigencia mental | B66: 5 | C66: 10 | D66: =PRODUCT(C66,5) -> 50 | E66: =PRODUCT(B66,D66) -> 250
A67: Exigencia fisica | B67: 1 | C67: 1 | D67: =PRODUCT(C67,5) -> 5 | E67: =PRODUCT(B67,D67) -> 5
A68: Exigencia Temporal | B68: 4 | C68: 3 | D68: =PRODUCT(C68,5) -> 15 | E68: =PRODUCT(B68,D68) -> 60
A69: Rendimiento | B69: 3 | C69: 12 | D69: =PRODUCT(C69,5) -> 60 | E69: =PRODUCT(B69,D69) -> 180
A70: Esfuerzo | B70: 2 | C70: 2 | D70: =PRODUCT(C70,5) -> 10 | E70: =PRODUCT(B70,D70) -> 20
A71: Frustacion | B71: 0 | C71: =D71/5 -> 1 | D71: 5 | E71: =PRODUCT(B71,D71) -> 0
A72: Total | B72: =SUM(B66,B67,B68,B69,B70,B71) -> 15 | E72: =SUM(E66:E71) -> 515 | F72: Porcentaje: | G72: =E72/B72 -> 34.333333
A74: Participante #8
A76: Variable | B76: (a) Peso | C76: (b) Puntuacion | D76: (c) Puntuacion Convertida (b*5) | E76: (d) Puntuacion Ponderada (c*a)
A77: Exigencia mental | B77: 3 | C77: 4 | D77: =PRODUCT(C77,5) -> 20 | E77: =PRODUCT(B77,D77) -> 60
A78: Exigencia fisica | B78: 2 | C78: 3 | D78: =PRODUCT(C78,5) -> 15 | E78: =PRODUCT(B78,D78) -> 30
A79: Exigencia Temporal | B79: 4 | C79: 2 | D79: =PRODUCT(C79,5) -> 10 | E79: =PRODUCT(B79,D79) -> 40
A80: Rendimiento | B80: 4 | C80: 4 | D80: =PRODUCT(C80,5) -> 20 | E80: =PRODUCT(B80,D80) -> 80
A81: Esfuerzo | B81: 2 | C81: 6 | D81: =PRODUCT(C81,5) -> 30 | E81: =PRODUCT(B81,D81) -> 60
A82: Frustacion | B82: 0 | C82: =D82/5 -> 4 | D82: 20 | E82: =PRODUCT(B82,D82) -> 0
A83: Total | B83: =SUM(B77,B78,B79,B80,B81,B82) -> 15 | E83: =SUM(E77:E82) -> 270 | F83: Porcentaje: | G83: =E83/B83 -> 18
A85: Participante #9
A87: Variable | B87: (a) Peso | C87: (b) Puntuacion | D87: (c) Puntuacion Convertida (b*5) | E87: (d) Puntuacion Ponderada (c*a)
A88: Exigencia mental | B88: 3 | C88: 1 | D88: =PRODUCT(C88,5) -> 5 | E88: =PRODUCT(B88,D88) -> 15
A89: Exigencia fisica | B89: 2 | C89: 1 | D89: =PRODUCT(C89,5) -> 5 | E89: =PRODUCT(B89,D89) -> 10
A90: Exigencia Temporal | B90: 5 | C90: 5 | D90: =PRODUCT(C90,5) -> 25 | E90: =PRODUCT(B90,D90) -> 125
A91: Rendimiento | B91: 4 | C91: 20 | D91: =PRODUCT(C91,5) -> 100 | E91: =PRODUCT(B91,D91) -> 400
A92: Esfuerzo | B92: 0 | C92: 5 | D92: =PRODUCT(C92,5) -> 25 | E92: =PRODUCT(B92,D92) -> 0
A93: Frustacion | B93: 1 | C93: =D93/5 -> 1 | D93: 5 | E93: =PRODUCT(B93,D93) -> 5
A94: Total | B94: =SUM(B88,B89,B90,B91,B92,B93) -> 15 | E94: =SUM(E88:E93) -> 555 | F94: Porcentaje: | G94: =E94/B94 -> 37
A96: Paricipante #10
A98: Variable | B98: (a) Peso | C98: (b) Puntuacion | D98: (c) Puntuacion Convertida (b*5) | E98: (d) Puntuacion Ponderada (c*a)
A99: Exigencia mental | B99: 2 | C99: 3 | D99: =PRODUCT(C99,5) -> 15 | E99: =PRODUCT(B99,D99) -> 30
A100: Exigencia fisica | B100: 2 | C100: 5 | D100: =PRODUCT(C100,5) -> 25 | E100: =PRODUCT(B100,D100) -> 50
A101: Exigencia Temporal | B101: 4 | C101: 1 | D101: =PRODUCT(C101,5) -> 5 | E101: =PRODUCT(B101,D101) -> 20
A102: Rendimiento | B102: 4 | C102: 7 | D102: =PRODUCT(C102,5) -> 35 | E102: =PRODUCT(B102,D102) -> 140
A103: Esfuerzo | B103: 2 | C103: 7 | D103: =PRODUCT(C103,5) -> 35 | E103: =PRODUCT(B103,D103) -> 70
A104: Frustacion | B104: 1 | C104: =D104/5 -> 2 | D104: 10 | E104: =PRODUCT(B104,D104) -> 10
A105: Total | B105: =SUM(B99,B100,B101,B102,B103,B104) -> 15 | E105: =SUM(E99:E104) -> 320 | F105: Porcentaje: | G105: =E105/B105 -> 21.333333

Sheet CanQuest (Control)
A1: Joselin
A2: Variable | B2: (a) Peso | C2: (b) Puntuacion | D2: (c) Puntuacion Convertida (b*5) | E2: (d) Puntuacion Ponderada (c*a)
A3: Exigencia mental | B3: 3 | C3: 10 | D3: =PRODUCT(C3,5) -> 50 | E3: =PRODUCT(B3,D3) -> 150
A4: Exigencia fisica | B4: 1 | C4: 5 | D4: =PRODUCT(C4,5) -> 25 | E4: =PRODUCT(B4,D4) -> 25
A5: Exigencia Temporal | B5: 0 | C5: 12 | D5: =PRODUCT(C5,5) -> 60 | E5: =PRODUCT(B5,D5) -> 0
A6: Rendimiento | B6: 5 | C6: 5 | D6: =PRODUCT(C6,5) -> 25 | E6: =PRODUCT(B6,D6) -> 125
A7: Esfuerzo | B7: 3 | C7: 8 | D7: =PRODUCT(C7,5) -> 40 | E7: =PRODUCT(B7,D7) -> 120
A8: Frustacion | B8: 3 | C8: =D8/5 -> 10 | D8: 50 | E8: =PRODUCT(B8,D8) -> 150
A9: Total | B9: =SUM(B3,B4,B5,B6,B7,B8) -> 15 | E9: =SUM(E3:E8) -> 570 | F9: Porcentaje: | G9: =E9/B9 -> 38
A11: Daniel
A13: Variable | B13: (a) Peso | C13: (b) Puntuacion | D13: (c) Puntuacion Convertida (b*5) | E13: (d) Puntuacion Ponderada (c*a)
A14: Exigencia mental | B14: 5 | C14: 13 | D14: =PRODUCT(C14,5) -> 65 | E14: =PRODUCT(B14,D14) -> 325
A15: Exigencia fisica | B15: 0 | C15: 1 | D15: =PRODUCT(C15,5) -> 5 | E15: =PRODUCT(B15,D15) -> 0
A16: Exigencia Temporal | B16: 4 | C16: 6 | D16: =PRODUCT(C16,5) -> 30 | E16: =PRODUCT(B16,D16) -> 120
A17: Rendimiento | B17: 3 | C17: 13 | D17: =PRODUCT(C17,5) -> 65 | E17: =PRODUCT(B17,D17) -> 195
A18: Esfuerzo | B18: 2 | C18: 4 | D18: =PRODUCT(C18,5) -> 20 | E18: =PRODUCT(B18,D18) -> 40
A19: Frustacion | B19: 1 | C19: =D19/5 -> 5 | D19: 25 | E19: =PRODUCT(B19,D19) -> 25
A20: Total | B20: =SUM(B14,B15,B16,B17,B18,B19) -> 15 | E20: =SUM(E14:E19) -> 705 | F20: Porcentaje: | G20: =E20/B20 -> 47
A22: Edwin
A24: Variable | B24: (a) Peso | C24: (b) Puntuacion | D24: (c) Puntuacion Convertida (b*5) | E24: (d) Puntuacion Ponderada (c*a)
A25: Exigencia mental | B25: 3 | C25: 5 | D25: =PRODUCT(C25,5) -> 25 | E25: =PRODUCT(B25,D25) -> 75
A26: Exigencia fisica | B26: 1 | C26: 4 | D26: =PRODUCT(C26,5) -> 20 | E26: =PRODUCT(B26,D26) -> 20
A27: Exigencia Temporal | B27: 4 | C27: 5 | D27: =PRODUCT(C27,5) -> 25 | E27: =PRODUCT(B27,D27) -> 100
A28: Rendimiento | B28: 5 | C28: 11 | D28: =PRODUCT(C28,5) -> 55 | E28: =PRODUCT(B28,D28) -> 275
A29: Esfuerzo | B29: 2 | C29: 5 | D29: =PRODUCT(C29,5) -> 25 | E29: =PRODUCT(B29,D29) -> 50
A30: Frustacion | B30: 0 | C30: =D30/5 -> 4 | D30: 20 | E30: =PRODUCT(B30,D30) -> 0
A31: Total | B31: =SUM(B25,B26,B27,B28,B29,B30) -> 15 | E31: =SUM(E25:E30) -> 520 | F31: Porcentaje: | G31: =E31/B31 -> 34.666667
A33: Jeronimo
A35: Variable | B35: (a) Peso | C35: (b) Puntuacion | D35: (c) Puntuacion Convertida (b*5) | E35: (d) Puntuacion Ponderada (c*a)
A36: Exigencia mental | B36: 4 | C36: 2 | D36: =PRODUCT(C36,5) -> 10 | E36: =PRODUCT(B36,D36) -> 40
A37: Exigencia fisica | B37: 2 | C37: 2 | D37: =PRODUCT(C37,5) -> 10 | E37: =PRODUCT(B37,D37) -> 20
A38: Exigencia Temporal | B38: 5 | C38: 2 | D38: =PRODUCT(C38,5) -> 10 | E38: =PRODUCT(B38,D38) -> 50
A39: Rendimiento | B39: 1 | C39: 2 | D39: =PRODUCT(C39,5) -> 10 | E39: =PRODUCT(B39,D39) -> 10
A40: Esfuerzo | B40: 3 | C40: 2 | D40: =PRODUCT(C40,5) -> 10 | E40: =PRODUCT(B40,D40) -> 30
A41: Frustacion | B41: 0 | C41: =D41/5 -> 2 | D41: 10 | E41: =PRODUCT(B41,D41) -> 0
A42: Total | B42: =SUM(B36,B37,B38,B39,B40,B41) -> 15 | E42: =SUM(E36:E41) -> 150 | F42: Porcentaje: | G42: =E42/B42 -> 10
A44: Rafa
A46: Variable | B46: (a) Peso | C46: (b) Puntuacion | D46: (c) Puntuacion Convertida (b*5) | E46: (d) Puntuacion Ponderada (c*a)
A47: Exigencia mental | B47: 3 | C47: 4 | D47: =PRODUCT(C47,5) -> 20 | E47: =PRODUCT(B47,D47) -> 60
A48: Exigencia fisica | B48: 3 | C48: 6 | D48: =PRODUCT(C48,5) -> 30 | E48: =PRODUCT(B48,D48) -> 90
A49: Exigencia Temporal | B49: 3 | C49: 10 | D49: =PRODUCT(C49,5) -> 50 | E49: =PRODUCT(B49,D49) -> 150
A50: Rendimiento | B50: 3 | C50: 16 | D50: =PRODUCT(C50,5) -> 80 | E50: =PRODUCT(B50,D50) -> 240
A51: Esfuerzo | B51: 2 | C51: 4 | D51: =PRODUCT(C51,5) -> 20 | E51: =PRODUCT(B51,D51) -> 40
A52: Frustacion | B52: 1 | C52: =D52/5 -> 17 | D52: 85 | E52: =PRODUCT(B52,D52) -> 85
A53: Total | B53: =SUM(B47,B48,B49,B50,B51,B52) -> 15 | E53: =SUM(E47:E52) -> 665 | F53: Porcentaje: | G53: =E53/B53 -> 44.333333
A55: Eliza
A57: Variable | B57: (a) Peso | C57: (b) Puntuacion | D57: (c) Puntuacion Convertida (b*5) | E57: (d) Puntuacion Ponderada (c*a)
A58: Exigencia mental | B58: 4 | C58: 5 | D58: =PRODUCT(C58,5) -> 25 | E58: =PRODUCT(B58,D58) -> 100
A59: Exigencia fisica | B59: 4 | C59: 5 | D59: =PRODUCT(C59,5) -> 25 | E59: =PRODUCT(B59,D59) -> 100
A60: Exigencia Temporal | B60: 4 | C60: 10 | D60: =PRODUCT(C60,5) -> 50 | E60: =PRODUCT(B60,D60) -> 200
A61: Rendimiento | B61: 2 | C61: 14 | D61: =PRODUCT(C61,5) -> 70 | E61: =PRODUCT(B61,D61) -> 140
A62: Esfuerzo | B62: 1 | C62: 6 | D62: =PRODUCT(C62,5) -> 30 | E62: =PRODUCT(B62,D62) -> 30
A63: Frustacion | B63: 0 | C63: =D63/5 -> 5 | D63: 25 | E63: =PRODUCT(B63,D63) -> 0
A64: Total | B64: =SUM(B58,B59,B60,B61,B62,B63) -> 15 | E64: =SUM(E58:E63) -> 570 | F64: Porcentaje: | G64: =E64/B64 -> 38
A66: Participante #7
A68: Variable | B68: (a) Peso | C68: (b) Puntuacion | D68: (c) Puntuacion Convertida (b*5) | E68: (d) Puntuacion Ponderada (c*a)
A69: Exigencia mental | B69: 5 | C69: 3 | D69: =PRODUCT(C69,5) -> 15 | E69: =PRODUCT(B69,D69) -> 75
A70: Exigencia fisica | B70: 1 | C70: 1 | D70: =PRODUCT(C70,5) -> 5 | E70: =PRODUCT(B70,D70) -> 5
A71: Exigencia Temporal | B71: 4 | C71: 2 | D71: =PRODUCT(C71,5) -> 10 | E71: =PRODUCT(B71,D71) -> 40
A72: Rendimiento | B72: 3 | C72: 20 | D72: =PRODUCT(C72,5) -> 100 | E72: =PRODUCT(B72,D72) -> 300
A73: Esfuerzo | B73: 2 | C73: 1 | D73: =PRODUCT(C73,5) -> 5 | E73: =PRODUCT(B73,D73) -> 10
A74: Frustacion | B74: 0 | C74: =D74/5 -> 1 | D74: 5 | E74: =PRODUCT(B74,D74) -> 0
A75: Total | B75: =SUM(B69,B70,B71,B72,B73,B74) -> 15 | E75: =SUM(E69:E74) -> 430 | F75: Porcentaje: | G75: =E75/B75 -> 28.666667
A77: Participante #8
A79: Variable | B79: (a) Peso | C79: (b) Puntuacion | D79: (c) Puntuacion Convertida (b*5) | E79: (d) Puntuacion Ponderada (c*a)
A80: Exigencia mental | B80: 2 | C80: 6 | D80: =PRODUCT(C80,5) -> 30 | E80: =PRODUCT(B80,D80) -> 60
A81: Exigencia fisica | B81: 4 | C81: 15 | D81: =PRODUCT(C81,5) -> 75 | E81: =PRODUCT(B81,D81) -> 300
A82: Exigencia Temporal | B82: 2 | C82: 7 | D82: =PRODUCT(C82,5) -> 35 | E82: =PRODUCT(B82,D82) -> 70
A83: Rendimiento | B83: 1 | C83: 3 | D83: =PRODUCT(C83,5) -> 15 | E83: =PRODUCT(B83,D83) -> 15
A84: Esfuerzo | B84: 1 | C84: 17 | D84: =PRODUCT(C84,5) -> 85 | E84: =PRODUCT(B84,D84) -> 85
A85: Frustacion | B85: 5 | C85: =D85/5 -> 15 | D85: 75 | E85: =PRODUCT(B85,D85) -> 375
A86: Total | B86: =SUM(B80,B81,B82,B83,B84,B85) -> 15 | E86: =SUM(E80:E85) -> 905 | F86: Porcentaje: | G86: =E86/B86 -> 60.333333
A88: Participante #9
A90: Variable | B90: (a) Peso | C90: (b) Puntuacion | D90: (c) Puntuacion Convertida (b*5) | E90: (d) Puntuacion Ponderada (c*a)
A91: Exigencia mental | B91: 4 | C91: 1 | D91: =PRODUCT(C91,5) -> 5 | E91: =PRODUCT(B91,D91) -> 20
A92: Exigencia fisica | B92: 1 | C92: 1 | D92: =PRODUCT(C92,5) -> 5 | E92: =PRODUCT(B92,D92) -> 5
A93: Exigencia Temporal | B93: 5 | C93: 5 | D93: =PRODUCT(C93,5) -> 25 | E93: =PRODUCT(B93,D93) -> 125
A94: Rendimiento | B94: 2 | C94: 20 | D94: =PRODUCT(C94,5) -> 100 | E94: =PRODUCT(B94,D94) -> 200
A95: Esfuerzo | B95: 2 | C95: 1 | D95: =PRODUCT(C95,5) -> 5 | E95: =PRODUCT(B95,D95) -> 10
A96: Frustacion | B96: 1 | C96: =D96/5 -> 1 | D96: 5 | E96: =PRODUCT(B96,D96) -> 5
A97: Total | B97: =SUM(B91,B92,B93,B94,B95,B96) -> 15 | E97: =SUM(E91:E96) -> 365 | F97: Porcentaje: | G97: =E97/B97 -> 24.333333
A99: Participante #10
A101: Variable | B101: (a) Peso | C101: (b) Puntuacion | D101: (c) Puntuacion Convertida (b*5) | E101: (d) Puntuacion Ponderada (c*a)
A102: Exigencia mental | B102: 3 | C102: 1 | D102: =PRODUCT(C102,5) -> 5 | E102: =PRODUCT(B102,D102) -> 15
A103: Exigencia fisica | B103: 0 | C103: 1 | D103: =PRODUCT(C103,5) -> 5 | E103: =PRODUCT(B103,D103) -> 0
A104: Exigencia Temporal | B104: 4 | C104: 8 | D104: =PRODUCT(C104,5) -> 40 | E104: =PRODUCT(B104,D104) -> 160
A105: Rendimiento | B105: 3 | C105: 15 | D105: =PRODUCT(C105,5) -> 75 | E105: =PRODUCT(B105,D105) -> 225
A106: Esfuerzo | B106: 2 | C106: 1 | D106: =PRODUCT(C106,5) -> 5 | E106: =PRODUCT(B106,D106) -> 10
A107: Frustacion | B107: 3 | C107: =D107/5 -> 1 | D107: 5 | E107: =PRODUCT(B107,D107) -> 15
A108: Total | B108: =SUM(B102,B103,B104,B105,B106,B107) -> 15 | E108: =SUM(E102:E107) -> 425 | F108: Porcentaje: | G108: =E108/B108 -> 28.333333

Sheet CanQuest (Teclado)
A1: Joselin
A2: Variable | B2: (a) Peso | C2: (b) Puntuacion | D2: (c) Puntuacion Convertida (b*5) | E2: (d) Puntuacion Ponderada (c*a)
A3: Exigencia mental | B3: 3 | C3: 12 | D3: =PRODUCT(C3,5) -> 60 | E3: =PRODUCT(B3,D3) -> 180
A4: Exigencia fisica | B4: 0 | C4: 8 | D4: =PRODUCT(C4,5) -> 40 | E4: =PRODUCT(B4,D4) -> 0
A5: Exigencia Temporal | B5: 1 | C5: 12 | D5: =PRODUCT(C5,5) -> 60 | E5: =PRODUCT(B5,D5) -> 60
A6: Rendimiento | B6: 4 | C6: 5 | D6: =PRODUCT(C6,5) -> 25 | E6: =PRODUCT(B6,D6) -> 100
A7: Esfuerzo | B7: 4 | C7: 12 | D7: =PRODUCT(C7,5) -> 60 | E7: =PRODUCT(B7,D7) -> 240
A8: Frustacion | B8: 3 | C8: =D8/5 -> 14 | D8: 70 | E8: =PRODUCT(B8,D8) -> 210
A9: Total | B9: =SUM(B3,B4,B5,B6,B7,B8) -> 15 | E9: =SUM(E3:E8) -> 790 | F9: Porcentaje: | G9: =E9/B9 -> 52.666667
A11: Daniel
A13: Variable | B13: (a) Peso | C13: (b) Puntuacion | D13: (c) Puntuacion Convertida (b*5) | E13: (d) Puntuacion Ponderada (c*a)
A14: Exigencia mental | B14: 5 | C14: 13 | D14: =PRODUCT(C14,5) -> 65 | E14: =PRODUCT(B14,D14) -> 325
A15: Exigencia fisica | B15: 0 | C15: 3 | D15: =PRODUCT(C15,5) -> 15 | E15: =PRODUCT(B15,D15) -> 0
A16: Exigencia Temporal | B16: 4 | C16: 4 | D16: =PRODUCT(C16,5) -> 20 | E16: =PRODUCT(B16,D16) -> 80
A17: Rendimiento | B17: 3 | C17: 15 | D17: =PRODUCT(C17,5) -> 75 | E17: =PRODUCT(B17,D17) -> 225
A18: Esfuerzo | B18: 2 | C18: 2 | D18: =PRODUCT(C18,5) -> 10 | E18: =PRODUCT(B18,D18) -> 20
A19: Frustacion | B19: 1 | C19: =D19/5 -> 3 | D19: 15 | E19: =PRODUCT(B19,D19) -> 15
A20: Total | B20: =SUM(B14,B15,B16,B17,B18,B19) -> 15 | E20: =SUM(E14:E19) -> 665 | F20: Porcentaje: | G20: =E20/B20 -> 44.333333
A22: Edwin
A24: Variable | B24: (a) Peso | C24: (b) Puntuacion | D24: (c) Puntuacion Convertida (b*5) | E24: (d) Puntuacion Ponderada (c*a)
A25: Exigencia mental | B25: 2 | C25: 4 | D25: =PRODUCT(C25,5) -> 20 | E25: =PRODUCT(B25,D25) -> 40
A26: Exigencia fisica | B26: 1 | C26: 3 | D26: =PRODUCT(C26,5) -> 15 | E26: =PRODUCT(B26,D26) -> 15
A27: Exigencia Temporal | B27: 4 | C27: 7 | D27: =PRODUCT(C27,5) -> 35 | E27: =PRODUCT(B27,D27) -> 140
A28: Rendimiento | B28: 3 | C28: 12 | D28: =PRODUCT(C28,5) -> 60 | E28: =PRODUCT(B28,D28) -> 180
A29: Esfuerzo | B29: 0 | C29: 4 | D29: =PRODUCT(C29,5) -> 20 | E29: =PRODUCT(B29,D29) -> 0
A30: Frustacion | B30: 5 | C30: =D30/5 -> 9 | D30: 45 | E30: =PRODUCT(B30,D30) -> 225
A31: Total | B31: =SUM(B25,B26,B27,B28,B29,B30) -> 15 | E31: =SUM(E25:E30) -> 600 | F31: Porcentaje: | G31: =E31/B31 -> 40
A33: Jeronimo
A35: Variable | B35: (a) Peso | C35: (b) Puntuacion | D35: (c) Puntuacion Convertida (b*5) | E35: (d) Puntuacion Ponderada (c*a)
A36: Exigencia mental | B36: 1 | C36: 5 | D36: =PRODUCT(C36,5) -> 25 | E36: =PRODUCT(B36,D36) -> 25
A37: Exigencia fisica | B37: 3 | C37: 5 | D37: =PRODUCT(C37,5) -> 25 | E37: =PRODUCT(B37,D37) -> 75
A38: Exigencia Temporal | B38: 0 | C38: 5 | D38: =PRODUCT(C38,5) -> 25 | E38: =PRODUCT(B38,D38) -> 0
A39: Rendimiento | B39: 2 | C39: 5 | D39: =PRODUCT(C39,5) -> 25 | E39: =PRODUCT(B39,D39) -> 50
A40: Esfuerzo | B40: 4 | C40: 5 | D40: =PRODUCT(C40,5) -> 25 | E40: =PRODUCT(B40,D40) -> 100
A41: Frustacion | B41: 5 | C41: =D41/5 -> 5 | D41: 25 | E41: =PRODUCT(B41,D41) -> 125
A42: Total | B42: =SUM(B36,B37,B38,B39,B40,B41) -> 15 | E42: =SUM(E36:E41) -> 375 | F42: Porcentaje: | G42: =E42/B42 -> 25
A44: Rafa
A46: Variable | B46: (a) Peso | C46: (b) Puntuacion | D46: (c) Puntuacion Convertida (b*5) | E46: (d) Puntuacion Ponderada (c*a)
A47: Exigencia mental | B47: 3 | C47: 4 | D47: =PRODUCT(C47,5) -> 20 | E47: =PRODUCT(B47,D47) -> 60
A48: Exigencia fisica | B48: 3 | C48: 6 | D48: =PRODUCT(C48,5) -> 30 | E48: =PRODUCT(B48,D48) -> 90
A49: Exigencia Temporal | B49: 1 | C49: 5 | D49: =PRODUCT(C49,5) -> 25 | E49: =PRODUCT(B49,D49) -> 25
A50: Rendimiento | B50: 4 | C50: 4 | D50: =PRODUCT(C50,5) -> 20 | E50: =PRODUCT(B50,D50) -> 80
A51: Esfuerzo | B51: 4 | C51: 4 | D51: =PRODUCT(C51,5) -> 20 | E51: =PRODUCT(B51,D51) -> 80
A52: Frustacion | B52: 0 | C52: =D52/5 -> 7 | D52: 35 | E52: =PRODUCT(B52,D52) -> 0
A53: Total | B53: =SUM(B47,B48,B49,B50,B51,B52) -> 15 | E53: =SUM(E47:E52) -> 335 | F53: Porcentaje: | G53: =E53/B53 -> 22.333333
A55: Eliza
A57: Variable | B57: (a) Peso | C57: (b) Puntuacion | D57: (c) Puntuacion Convertida (b*5) | E57: (d) Puntuacion Ponderada (c*a)
A58: Exigencia mental | B58: 5 | C58: 10 | D58: =PRODUCT(C58,5) -> 50 | E58: =PRODUCT(B58,D58) -> 250
A59: Exigencia fisica | B59: 4 | C59: 10 | D59: =PRODUCT(C59,5) -> 50 | E59: =PRODUCT(B59,D59) -> 200
A60: Exigencia Temporal | B60: 2 | C60: 13 | D60: =PRODUCT(C60,5) -> 65 | E60: =PRODUCT(B60,D60) -> 130
A61: Rendimiento | B61: 3 | C61: 14 | D61: =PRODUCT(C61,5) -> 70 | E61: =PRODUCT(B61,D61) -> 210
A62: Esfuerzo | B62: 1 | C62: 7 | D62: =PRODUCT(C62,5) -> 35 | E62: =PRODUCT(B62,D62) -> 35
A63: Frustacion | B63: 0 | C63: =D63/5 -> 6 | D63: 30 | E63: =PRODUCT(B63,D63) -> 0
A64: Total | B64: =SUM(B58,B59,B60,B61,B62,B63) -> 15 | E64: =SUM(E58:E63) -> 825 | F64: Porcentaje: | G64: =E64/B64 -> 55
A66: Participante #7
A68: Variable | B68: (a) Peso | C68: (b) Puntuacion | D68: (c) Puntuacion Convertida (b*5) | E68: (d) Puntuacion Ponderada (c*a)
A69: Exigencia mental | B69: 5 | C69: 2 | D69: =PRODUCT(C69,5) -> 10 | E69: =PRODUCT(B69,D69) -> 50
A70: Exigencia fisica | B70: 3 | C70: 12 | D70: =PRODUCT(C70,5) -> 60 | E70: =PRODUCT(B70,D70) -> 180
A71: Exigencia Temporal | B71: 2 | C71: 11 | D71: =PRODUCT(C71,5) -> 55 | E71: =PRODUCT(B71,D71) -> 110
A72: Rendimiento | B72: 2 | C72: 15 | D72: =PRODUCT(C72,5) -> 75 | E72: =PRODUCT(B72,D72) -> 150
A73: Esfuerzo | B73: 2 | C73: 6 | D73: =PRODUCT(C73,5) -> 30 | E73: =PRODUCT(B73,D73) -> 60
A74: Frustacion | B74: 1 | C74: =D74/5 -> 16 | D74: 80 | E74: =PRODUCT(B74,D74) -> 80
A75: Total | B75: =SUM(B69,B70,B71,B72,B73,B74) -> 15 | E75: =SUM(E69:E74) -> 630 | F75: Porcentaje: | G75: =E75/B75 -> 42
A77: Participante #8
A79: Variable | B79: (a) Peso | C79: (b) Puntuacion | D79: (c) Puntuacion Convertida (b*5) | E79: (d) Puntuacion Ponderada (c*a)
A80: Exigencia mental | B80: 2 | C80: 9 | D80: =PRODUCT(C80,5) -> 45 | E80: =PRODUCT(B80,D80) -> 90
A81: Exigencia fisica | B81: 3 | C81: 14 | D81: =PRODUCT(C81,5) -> 70 | E81: =PRODUCT(B81,D81) -> 210
A82: Exigencia Temporal | B82: 1 | C82: 17 | D82: =PRODUCT(C82,5) -> 85 | E82: =PRODUCT(B82,D82) -> 85
A83: Rendimiento | B83: 1 | C83: 4 | D83: =PRODUCT(C83,5) -> 20 | E83: =PRODUCT(B83,D83) -> 20
A84: Esfuerzo | B84: 3 | C84: 17 | D84: =PRODUCT(C84,5) -> 85 | E84: =PRODUCT(B84,D84) -> 255
A85: Frustacion | B85: 5 | C85: =D85/5 -> 19 | D85: 95 | E85: =PRODUCT(B85,D85) -> 475
A86: Total | B86: =SUM(B80,B81,B82,B83,B84,B85) -> 15 | E86: =SUM(E80:E85) -> 1135 | F86: Porcentaje: | G86: =E86/B86 -> 75.666667
A88: Participante #9
A90: Variable | B90: (a) Peso | C90: (b) Puntuacion | D90: (c) Puntuacion Convertida (b*5) | E90: (d) Puntuacion Ponderada (c*a)
A91: Exigencia mental | B91: 5 | C91: 5 | D91: =PRODUCT(C91,5) -> 25 | E91: =PRODUCT(B91,D91) -> 125
A92: Exigencia fisica | B92: 1 | C92: 1 | D92: =PRODUCT(C92,5) -> 5 | E92: =PRODUCT(B92,D92) -> 5
A93: Exigencia Temporal | B93: 1 | C93: 5 | D93: =PRODUCT(C93,5) -> 25 | E93: =PRODUCT(B93,D93) -> 25
A94: Rendimiento | B94: 3 | C94: 18 | D94: =PRODUCT(C94,5) -> 90 | E94: =PRODUCT(B94,D94) -> 270
A95: Esfuerzo | B95: 2 | C95: 8 | D95: =PRODUCT(C95,5) -> 40 | E95: =PRODUCT(B95,D95) -> 80
A96: Frustacion | B96: 3 | C96: =D96/5 -> 10 | D96: 50 | E96: =PRODUCT(B96,D96) -> 150
A97: Total | B97: =SUM(B91,B92,B93,B94,B95,B96) -> 15 | E97: =SUM(E91:E96) -> 655 | F97: Porcentaje: | G97: =E97/B97 -> 43.666667
A99: Participante #10
A101: Variable | B101: (a) Peso | C101: (b) Puntuacion | D101: (c) Puntuacion Convertida (b*5) | E101: (d) Puntuacion Ponderada (c*a)
A102: Exigencia mental | B102: 2 | C102: 10 | D102: =PRODUCT(C102,5) -> 50 | E102: =PRODUCT(B102,D102) -> 100
A103: Exigencia fisica | B103: 4 | C103: 10 | D103: =PRODUCT(C103,5) -> 50 | E103: =PRODUCT(B103,D103) -> 200
A104: Exigencia Temporal | B104: 3 | C104: 2 | D104: =PRODUCT(C104,5) -> 10 | E104: =PRODUCT(B104,D104) -> 30
A105: Rendimiento | B105: 0 | C105: 1 | D105: =PRODUCT(C105,5) -> 5 | E105: =PRODUCT(B105,D105) -> 0
A106: Esfuerzo | B106: 2 | C106: 7 | D106: =PRODUCT(C106,5) -> 35 | E106: =PRODUCT(B106,D106) -> 70
A107: Frustacion | B107: 4 | C107: =D107/5 -> 10 | D107: 50 | E107: =PRODUCT(B107,D107) -> 200
A108: Total | B108: =SUM(B102,B103,B104,B105,B106,B107) -> 15 | E108: =SUM(E102:E107) -> 600 | F108: Porcentaje: | G108: =E108/B108 -> 40

Sheet Laberinto
A1: Joselin
A2: Variable | B2: (a) Peso | C2: (b) Puntuacion | D2: (c) Puntuacion Convertida (b*5) | E2: (d) Puntuacion Ponderada (c*a)
A3: Exigencia mental | B3: 3 | C3: 12 | D3: =PRODUCT(C3,5) -> 60 | E3: =PRODUCT(B3,D3) -> 180
A4: Exigencia fisica | B4: 1 | C4: 5 | D4: =PRODUCT(C4,5) -> 25 | E4: =PRODUCT(B4,D4) -> 25
A5: Exigencia Temporal | B5: 2 | C5: 10 | D5: =PRODUCT(C5,5) -> 50 | E5: =PRODUCT(B5,D5) -> 100
A6: Rendimiento | B6: 2 | C6: 10 | D6: =PRODUCT(C6,5) -> 50 | E6: =PRODUCT(B6,D6) -> 100
A7: Esfuerzo | B7: 4 | C7: 5 | D7: =PRODUCT(C7,5) -> 25 | E7: =PRODUCT(B7,D7) -> 100
A8: Frustacion | B8: 3 | C8: =D8/5 -> 10 | D8: 50 | E8: =PRODUCT(B8,D8) -> 150
A9: Total | B9: =SUM(B3,B4,B5,B6,B7,B8) -> 15 | E9: =SUM(E3:E8) -> 655 | F9: Porcentaje: | G9: =E9/B9 -> 43.666667
A11: Daniel
A13: Variable | B13: (a) Peso | C13: (b) Puntuacion | D13: (c) Puntuacion Convertida (b*5) | E13: (d) Puntuacion Ponderada (c*a)
A14: Exigencia mental | B14: 4 | C14: 15 | D14: =PRODUCT(C14,5) -> 75 | E14: =PRODUCT(B14,D14) -> 300
A15: Exigencia fisica | B15: 2 | C15: 6 | D15: =PRODUCT(C15,5) -> 30 | E15: =PRODUCT(B15,D15) -> 60
A16: Exigencia Temporal | B16: 0 | C16: 10 | D16: =PRODUCT(C16,5) -> 50 | E16: =PRODUCT(B16,D16) -> 0
A17: Rendimiento | B17: 1 | C17: 10 | D17: =PRODUCT(C17,5) -> 50 | E17: =PRODUCT(B17,D17) -> 50
A18: Esfuerzo | B18: 5 | C18: 10 | D18: =PRODUCT(C18,5) -> 50 | E18: =PRODUCT(B18,D18) -> 250
A19: Frustacion | B19: 3 | C19: =D19/5 -> 15 | D19: 75 | E19: =PRODUCT(B19,D19) -> 225
A20: Total | B20: =SUM(B14,B15,B16,B17,B18,B19) -> 15 | E20: =SUM(E14:E19) -> 885 | F20: Porcentaje: | G20: =E20/B20 -> 59
A22: Edwin
A24: Variable | B24: (a) Peso | C24: (b) Puntuacion | D24: (c) Puntuacion Convertida (b*5) | E24: (d) Puntuacion Ponderada (c*a)
A25: Exigencia mental | B25: 2 | C25: 6 | D25: =PRODUCT(C25,5) -> 30 | E25: =PRODUCT(B25,D25) -> 60
A26: Exigencia fisica | B26: 2 | C26: 7 | D26: =PRODUCT(C26,5) -> 35 | E26: =PRODUCT(B26,D26) -> 70
A27: Exigencia Temporal | B27: 4 | C27: 16 | D27: =PRODUCT(C27,5) -> 80 | E27: =PRODUCT(B27,D27) -> 320
A28: Rendimiento | B28: 5 | C28: 16 | D28: =PRODUCT(C28,5) -> 80 | E28: =PRODUCT(B28,D28) -> 400
A29: Esfuerzo | B29: 2 | C29: 8 | D29: =PRODUCT(C29,5) -> 40 | E29: =PRODUCT(B29,D29) -> 80
A30: Frustacion | B30: 0 | C30: =D30/5 -> 5 | D30: 25 | E30: =PRODUCT(B30,D30) -> 0
A31: Total | B31: =SUM(B25,B26,B27,B28,B29,B30) -> 15 | E31: =SUM(E25:E30) -> 930 | F31: Porcentaje: | G31: =E31/B31 -> 62
A33: Jeronimo
A35: Variable | B35: (a) Peso | C35: (b) Puntuacion | D35: (c) Puntuacion Convertida (b*5) | E35: (d) Puntuacion Ponderada (c*a)
A36: Exigencia mental | B36: 4 | C36: 15 | D36: =PRODUCT(C36,5) -> 75 | E36: =PRODUCT(B36,D36) -> 300
A37: Exigencia fisica | B37: 2 | C37: 5 | D37: =PRODUCT(C37,5) -> 25 | E37: =PRODUCT(B37,D37) -> 50
A38: Exigencia Temporal | B38: 2 | C38: 10 | D38: =PRODUCT(C38,5) -> 50 | E38: =PRODUCT(B38,D38) -> 100
A39: Rendimiento | B39: 0 | C39: 10 | D39: =PRODUCT(C39,5) -> 50 | E39: =PRODUCT(B39,D39) -> 0
A40: Esfuerzo | B40: 3 | C40: 20 | D40: =PRODUCT(C40,5) -> 100 | E40: =PRODUCT(B40,D40) -> 300
A41: Frustacion | B41: 4 | C41: =D41/5 -> 5 | D41: 25 | E41: =PRODUCT(B41,D41) -> 100
A42: Total | B42: =SUM(B36,B37,B38,B39,B40,B41) -> 15 | E42: =SUM(E36:E41) -> 850 | F42: Porcentaje: | G42: =E42/B42 -> 56.666667
A44: Rafa
A46: Variable | B46: (a) Peso | C46: (b) Puntuacion | D46: (c) Puntuacion Convertida (b*5) | E46: (d) Puntuacion Ponderada (c*a)
A47: Exigencia mental | B47: 1 | C47: 12 | D47: =PRODUCT(C47,5) -> 60 | E47: =PRODUCT(B47,D47) -> 60
A48: Exigencia fisica | B48: 4 | C48: 14 | D48: =PRODUCT(C48,5) -> 70 | E48: =PRODUCT(B48,D48) -> 280
A49: Exigencia Temporal | B49: 2 | C49: 9 | D49: =PRODUCT(C49,5) -> 45 | E49: =PRODUCT(B49,D49) -> 90
A50: Rendimiento | B50: 1 | C50: 12 | D50: =PRODUCT(C50,5) -> 60 | E50: =PRODUCT(B50,D50) -> 60
A51: Esfuerzo | B51: 5 | C51: 9 | D51: =PRODUCT(C51,5) -> 45 | E51: =PRODUCT(B51,D51) -> 225
A52: Frustacion | B52: 2 | C52: =D52/5 -> 11 | D52: 55 | E52: =PRODUCT(B52,D52) -> 110
A53: Total | B53: =SUM(B47,B48,B49,B50,B51,B52) -> 15 | E53: =SUM(E47:E52) -> 825 | F53: Porcentaje: | G53: =E53/B53 -> 55
A55: Eliza
A57: Variable | B57: (a) Peso | C57: (b) Puntuacion | D57: (c) Puntuacion Convertida (b*5) | E57: (d) Puntuacion Ponderada (c*a)
A58: Exigencia mental | B58: 4 | C58: 15 | D58: =PRODUCT(C58,5) -> 75 | E58: =PRODUCT(B58,D58) -> 300
A59: Exigencia fisica | B59: 2 | C59: 10 | D59: =PRODUCT(C59,5) -> 50 | E59: =PRODUCT(B59,D59) -> 100
A60: Exigencia Temporal | B60: 4 | C60: 10 | D60: =PRODUCT(C60,5) -> 50 | E60: =PRODUCT(B60,D60) -> 200
A61: Rendimiento | B61: 2 | C61: 15 | D61: =PRODUCT(C61,5) -> 75 | E61: =PRODUCT(B61,D61) -> 150
A62: Esfuerzo | B62: 1 | C62: 15 | D62: =PRODUCT(C62,5) -> 75 | E62: =PRODUCT(B62,D62) -> 75
A63: Frustacion | B63: 2 | C63: =D63/5 -> 10 | D63: 50 | E63: =PRODUCT(B63,D63) -> 100
A64: Total | B64: =SUM(B58,B59,B60,B61,B62,B63) -> 15 | E64: =SUM(E58:E63) -> 925 | F64: Porcentaje: | G64: =E64/B64 -> 61.666667

Sheet Resultados
A1: Persona | B1: % Carga cognitiva | C1: % CaniQuest Haptico | D1: %CaniQuest Gamepad | E1: %CaniQuest Teclado | F1: %Laberinto
A2: Joselin | B2: ='Carga cognitiva'!G9 -> 47.666667 | C2: ='CanQuest (Hápticos)'!G8 -> 52.333333 | D2: ='CanQuest (Control)'!G9 -> 38 | E2: ='CanQuest (Teclado)'!G9 -> 52.666667 | F2: =Laberinto!G9 -> 43.666667
A3: Daniel | B3: ='Carga cognitiva'!G20 -> 64 | C3: ='CanQuest (Hápticos)'!G18 -> 45 | D3: ='CanQuest (Control)'!G20 -> 47 | E3: ='CanQuest (Teclado)'!G20 -> 44.333333 | F3: =Laberinto!G20 -> 59
A4: Edwin | B4: ='Carga cognitiva'!G31 -> 57 | C4: ='CanQuest (Hápticos)'!G28 -> 54.333333 | D4: ='CanQuest (Control)'!G31 -> 34.666667 | E4: ='CanQuest (Teclado)'!G31 -> 40 | F4: =Laberinto!G31 -> 62
A5: Jeronimo | B5: ='Carga cognitiva'!G42 -> 46.333333 | C5: ='CanQuest (Hápticos)'!G39 -> 46.333333 | D5: ='CanQuest (Control)'!G42 -> 10 | E5: ='CanQuest (Teclado)'!G42 -> 25 | F5: =Laberinto!G42 -> 56.666667
A6: Rafa | B6: ='Carga cognitiva'!G53 -> 48.333333 | C6: ='CanQuest (Hápticos)'!G50 -> 48.333333 | D6: ='CanQuest (Control)'!G53 -> 44.333333 | E6: ='CanQuest (Teclado)'!G53 -> 22.333333 | F6: =Laberinto!G53 -> 55
A7: Eliza | B7: ='Carga cognitiva'!G64 -> 54 | C7: ='CanQuest (Hápticos)'!G61 -> 61 | D7: ='CanQuest (Control)'!G64 -> 38 | E7: ='CanQuest (Teclado)'!G64 -> 55 | F7: =Laberinto!G64 -> 61.666667
A8: Participante #7 | B8: ='Carga cognitiva'!G75 -> 53 | C8: ='CanQuest (Hápticos)'!G72 -> 34.333333 | D8: ='CanQuest (Control)'!G75 -> 28.666667 | E8: ='CanQuest (Teclado)'!G75 -> 42 | F8: 0
A9: Participante #8 | B9: ='Carga cognitiva'!G86 -> 13.333333 | C9: ='CanQuest (Hápticos)'!G83 -> 18 | D9: ='CanQuest (Control)'!G86 -> 60.333333 | E9: ='CanQuest (Teclado)'!G86 -> 75.666667 | F9: 0
A10: Participante #9 | B10: ='Carga cognitiva'!G97 -> 53.666667 | C10: ='CanQuest (Hápticos)'!G94 -> 37 | D10: ='CanQuest (Control)'!G97 -> 24.333333 | E10: ='CanQuest (Teclado)'!G97 -> 43.666667 | F10: 0
A11: Participante #10 | B11: ='Carga cognitiva'!G108 -> 50.333333 | C11: ='CanQuest (Hápticos)'!G105 -> 21.333333 | D11: ='CanQuest (Control)'!G108 -> 28.333333 | E11: ='CanQuest (Teclado)'!G108 -> 40 | F11: 0
